INSERT INTO CURRENCY (CURRENCY_ID, CURRENCY_ISO, CURRENCY_NAME) VALUES (1, 'USD', 'Dólar estadounidense');
INSERT INTO CURRENCY (CURRENCY_ID, CURRENCY_ISO, CURRENCY_NAME) VALUES (2, 'EUR', 'Euro');
INSERT INTO CURRENCY (CURRENCY_ID, CURRENCY_ISO, CURRENCY_NAME) VALUES (3, 'JPY', 'Yen japonés');

-- Insertar datos en la tabla BRAND
INSERT INTO BRAND (BRAND_ID, BRAND_NAME) VALUES (1, 'Zara');
INSERT INTO BRAND (BRAND_ID, BRAND_NAME) VALUES (2, 'Pull & Bear');
INSERT INTO BRAND (BRAND_ID, BRAND_NAME) VALUES (3, 'Bershka');

-- Insertar datos en la tabla PRODUCT
INSERT INTO PRODUCT (PRODUCT_ID,PRODUCT_NAME) VALUES (35455,'JEANS BALLOON FIT');
INSERT INTO PRODUCT (PRODUCT_ID,PRODUCT_NAME) VALUES (35456,'Jeans slim comfort');
INSERT INTO PRODUCT (PRODUCT_ID,PRODUCT_NAME) VALUES (35457,'Jeans skater fit');

INSERT INTO PRICE (PRICE_ID, BRAND_ID, PRODUCT_ID, CURRENCY_ID, START_DATE, END_DATE, PRICE_LIST, PRIORITY, PRICE) VALUES (1, 1, 35455, 2, '2020-06-14T00:00:00', '2020-12-31T23:59:59', 1, 0, 35.50);
INSERT INTO PRICE (PRICE_ID, BRAND_ID, PRODUCT_ID, CURRENCY_ID, START_DATE, END_DATE, PRICE_LIST, PRIORITY, PRICE) VALUES (2, 1, 35455, 2, '2020-06-14T15:00:00', '2020-06-14T18:30:00', 2, 1, 25.45);
INSERT INTO PRICE (PRICE_ID, BRAND_ID, PRODUCT_ID, CURRENCY_ID, START_DATE, END_DATE, PRICE_LIST, PRIORITY, PRICE) VALUES (3, 1, 35455, 2, '2020-06-15T00:00:00', '2020-06-15T11:00:00', 3, 1, 30.50);
INSERT INTO PRICE (PRICE_ID, BRAND_ID, PRODUCT_ID, CURRENCY_ID, START_DATE, END_DATE, PRICE_LIST, PRIORITY, PRICE) VALUES (4, 1, 35455, 2, '2020-06-15T16:00:00', '2020-12-31T23:59:59', 4, 1, 38.95);
INSERT INTO PRICE (PRICE_ID, BRAND_ID, PRODUCT_ID, CURRENCY_ID, START_DATE, END_DATE, PRICE_LIST, PRIORITY, PRICE) VALUES (5, 1, 35455, 2, '2021-01-01T00:00:00', '2023-01-15T15:59:59', 4, 1, 40.95);
INSERT INTO PRICE (PRICE_ID, BRAND_ID, PRODUCT_ID, CURRENCY_ID, START_DATE, END_DATE, PRICE_LIST, PRIORITY, PRICE) VALUES (6, 1, 35455, 2, '2023-01-15T16:00:00', '2023-12-31T23:59:59', 4, 1, 45.95);
INSERT INTO PRICE (PRICE_ID, BRAND_ID, PRODUCT_ID, CURRENCY_ID, START_DATE, END_DATE, PRICE_LIST, PRIORITY, PRICE) VALUES (7, 2, 35456, 2, '2023-01-01T00:00:00', '2023-12-31T00:00:00', 2, 1, 150.00);
INSERT INTO PRICE (PRICE_ID, BRAND_ID, PRODUCT_ID, CURRENCY_ID, START_DATE, END_DATE, PRICE_LIST, PRIORITY, PRICE) VALUES (8, 3, 35457, 3, '2023-01-01T00:00:00', '2023-12-31T00:00:00', 1, 2, 120.00);
